<?xml version="1.0" encoding="UTF-8"?>
<metadata xml:lang="en"><Esri><CreaDate>20140204</CreaDate><CreaTime>15355700</CreaTime><ArcGISFormat>1.0</ArcGISFormat><SyncOnce>TRUE</SyncOnce><DataProperties><itemProps><itemLocation><linkage Sync="TRUE">file://\\804F6V1\D$\pascale\Courses\AdvGIS\Assignments\Assign3_2014\CSD_Qc_2006</linkage><protocol Sync="TRUE">Local Area Network</protocol></itemLocation></itemProps><copyHistory><copy source="G:\Stats_can\2006\Census_subdivisions_quebec_2006\CSD_Qc_2006" dest="\\804F6V1\D$\pascale\Courses\AdvGIS\Assignments\Assign3_2014\CSD_Qc_2006" date="20140204" time="15355700"></copy></copyHistory></DataProperties></Esri></metadata>
